solver,solved,rlimit,time,par2
z3-alpha,63,166350720,43.8855836391449,283.8855836391449
fastsmt,62,167556424,50.840242862701416,338.8402428627014
z3,62,179955277,44.02782464027405,332.02782464027405
