solver,solved,rlimit,time,par2
z3-alpha,270,885281841,269.0138318538666,269.0138318538666
fastsmt,270,178673142,189.79882073402405,189.79882073402405
z3,238,3044237465,810.8219404220581,2346.821940422058
